Sequence,Oligo Concentration (M),Salt Concentration (M),pH,GC Content,Experimental Temperature
CCGG,0.0001,1.000,7,1.0000,16.6
CGCG,0.0001,1.000,7,1.0000,23.7
GCGC,0.0001,1.000,7,1.0000,27.5
CCGCGG,0.0001,1.000,7,1.0000,55.2
CGATCG,0.0001,1.000,7,0.6667,34.3
CGCGCG,0.0001,1.000,7,1.0000,55.7
CGGCCG,0.0001,1.000,7,1.0000,59.6
CGTACG,0.0001,1.000,7,0.6667,35.0
GACGTC,0.0001,1.000,7,0.6667,36.1
GCATGC,0.0001,1.000,7,0.6667,36.5
GCCGGC,0.0001,1.000,7,1.0000,55.7
GCGAGC,0.0004,1.000,7,0.8333,33.2
GCGCGC,0.0001,1.000,7,1.0000,56.1
GCTAGC,0.0001,1.000,7,0.6667,34.3
GGATCC,0.0001,1.000,7,0.6667,30.8
GGCGCC,0.0001,1.000,7,1.0000,53.9
GGGACC,0.0004,1.000,7,0.8333,44.9
GTGAAC,0.0004,1.000,7,0.5000,33.2
CAAAAAG,0.0004,1.000,7,0.2857,31.5
CAAAAAAG,0.0004,1.000,7,0.2500,36.9
CAAGCTTG,0.0001,1.000,7,0.5000,44.6
CATCGATG,0.0001,1.000,7,0.5000,47.4
CGATATCG,0.0001,1.000,7,0.5000,44.1
CGTCGACG,0.0001,1.000,7,0.7500,58.3
GAAGCTTC,0.0001,1.000,7,0.5000,45.2
GATCGATC,0.0001,1.000,7,0.5000,47.6
GATGCATC,0.0001,1.000,7,0.5000,46.5
GGAATTCC,0.0001,1.000,7,0.5000,43.8
GGACGTCC,0.0001,1.000,7,0.7500,55.1
GGAGCTCC,0.0001,1.000,7,0.7500,54.4
GGTATACC,0.0001,1.000,7,0.5000,36.0
GTACGTAC,0.0001,1.000,7,0.5000,45.1
GTAGCTAC,0.0001,1.000,7,0.5000,44.9
GTTGCAAC,0.0001,1.000,7,0.5000,47.7
CAAAAAAAG,0.0004,1.000,7,0.2222,44.2
CAAACAAAG,0.0004,1.000,7,0.3333,47.3
CAAATAAAG,0.0004,1.000,7,0.2222,41.4
CAAAGAAAG,0.0004,1.000,7,0.3333,45.2
GCGAATTCGC,0.0001,1.000,7,0.6000,67.9
CCATCGCTACC,0.0004,1.000,7,0.6364,67.6
GCGAAAAGCG,0.0004,1.000,7,0.6000,65.2
CCATTGCTACC,0.0004,1.000,7,0.5455,63.5
CTGAACAAGTGTC,0.0004,1.000,7,0.4615,65.7
CATATGGCCATATG,0.0001,1.000,7,0.4286,65.3
TCATGA,0.0001,1.000,7,0.3333,22.8
TGATCA,0.0001,1.000,7,0.3333,20.9
AAAAAAAA,0.0004,1.000,7,0.0000,31.2
TAGATCTA,0.0001,1.000,7,0.2500,33.4
TCTATAGA,0.0001,1.000,7,0.2500,28.1
ATGAGCTCAT,0.0001,1.000,7,0.4000,58.1
TTTTATAATAAA,0.0004,1.000,7,0.0000,36.3
CAACTTGATATTATTA,0.0004,1.000,7,0.1875,58.8
CCCGGG,0.0001,1.000,7,1.0000,43.0
CCCAGG,0.0001,1.000,7,0.8333,48.1
CGCGAATTCGCG,0.0001,1.000,7,0.6667,75.4
CGCATGGGTACGC,0.0004,1.000,7,0.6923,66.5
GTATACCGGTATAC,0.0001,1.000,7,0.4286,62.2
CATATTGGCCAATATG,0.0001,1.000,7,0.3750,65.9
GTATAACCGGTTATAC,0.0001,1.000,7,0.3750,66.3
CGCGTACGCGTACGCG,0.0001,1.000,7,0.7500,91.0
ATCAATCATA,0.000002,0.069,7,0.2000,21.3
TTGTAGTCAT,0.000002,0.069,7,0.3000,24.7
GAAATGAAAG,0.000002,0.069,7,0.3000,22.1
CCAACTTCTT,0.000002,0.069,7,0.4000,29.0
ATCGTCTGGA,0.000002,0.069,7,0.5000,33.8
AGCGTAAGTC,0.000002,0.069,7,0.5000,27.4
CGATCTGCGA,0.000002,0.069,7,0.6000,39.2
TGGCGAGCAC,0.000002,0.069,7,0.7000,44.4
GATGCGCTCG,0.000002,0.069,7,0.7000,44.2
GGGACCGCCT,0.000002,0.069,7,0.8000,46.7
CGTACACATGC,0.000002,0.069,7,0.5455,40.4
CCATTGCTACC,0.000002,0.069,7,0.5455,38.0
ATCAATCATA,0.000002,0.119,7,0.2000,24.5
TTGTAGTCAT,0.000002,0.119,7,0.3000,28.2
GAAATGAAAG,0.000002,0.119,7,0.3000,25.3
CCAACTTCTT,0.000002,0.119,7,0.4000,32.1
ATCGTCTGGA,0.000002,0.119,7,0.5000,37.4
AGCGTAAGTC,0.000002,0.119,7,0.5000,31.2
CGATCTGCGA,0.000002,0.119,7,0.6000,42.3
TGGCGAGCAC,0.000002,0.119,7,0.7000,47.8
GATGCGCTCG,0.000002,0.119,7,0.7000,47.0
GGGACCGCCT,0.000002,0.119,7,0.8000,50.3
CGTACACATGC,0.000002,0.119,7,0.5455,43.5
CCATTGCTACC,0.000002,0.119,7,0.5455,41.7
ATCAATCATA,0.000002,0.220,7,0.2000,27.9
TTGTAGTCAT,0.000002,0.220,7,0.3000,31.2
GAAATGAAAG,0.000002,0.220,7,0.3000,29.1
CCAACTTCTT,0.000002,0.220,7,0.4000,35.9
ATCGTCTGGA,0.000002,0.220,7,0.5000,40.5
AGCGTAAGTC,0.000002,0.220,7,0.5000,34.6
CGATCTGCGA,0.000002,0.220,7,0.6000,45.6
TGGCGAGCAC,0.000002,0.220,7,0.7000,51.3
GATGCGCTCG,0.000002,0.220,7,0.7000,50.1
GGGACCGCCT,0.000002,0.220,7,0.8000,53.1
CGTACACATGC,0.000002,0.220,7,0.5455,46.1
CCATTGCTACC,0.000002,0.220,7,0.5455,44.5
ATCAATCATA,0.000002,0.621,7,0.2000,32.4
TTGTAGTCAT,0.000002,0.621,7,0.3000,34.8
GAAATGAAAG,0.000002,0.621,7,0.3000,33.1
CCAACTTCTT,0.000002,0.621,7,0.4000,39.6
ATCGTCTGGA,0.000002,0.621,7,0.5000,44.5
AGCGTAAGTC,0.000002,0.621,7,0.5000,39.5
CGATCTGCGA,0.000002,0.621,7,0.6000,48.4
TGGCGAGCAC,0.000002,0.621,7,0.7000,55.0
GATGCGCTCG,0.000002,0.621,7,0.7000,53.6
GGGACCGCCT,0.000002,0.621,7,0.8000,56.5
CGTACACATGC,0.000002,0.621,7,0.5455,49.6
CCATTGCTACC,0.000002,0.621,7,0.5455,47.9
ATCAATCATA,0.000002,1.020,7,0.2000,33.6
TTGTAGTCAT,0.000002,1.020,7,0.3000,36.0
GAAATGAAAG,0.000002,1.020,7,0.3000,34.4
CCAACTTCTT,0.000002,1.020,7,0.4000,40.6
ATCGTCTGGA,0.000002,1.020,7,0.5000,44.9
AGCGTAAGTC,0.000002,1.020,7,0.5000,40.3
CGATCTGCGA,0.000002,1.020,7,0.6000,49.1
TGGCGAGCAC,0.000002,1.020,7,0.7000,55.3
GATGCGCTCG,0.000002,1.020,7,0.7000,53.5
GGGACCGCCT,0.000002,1.020,7,0.8000,57.0
CGTACACATGC,0.000002,1.020,7,0.5455,49.9
CCATTGCTACC,0.000002,1.020,7,0.5455,48.9
TACTAACATTAACTA,0.000002,0.069,7,0.2000,35.3
ATACTTACTGATTAG,0.000002,0.069,7,0.2667,38.1
GTACACTGTCTTATA,0.000002,0.069,7,0.3333,41.0
GTATGAGAGACTTTA,0.000002,0.069,7,0.3333,39.9
TTCTACCTATGTGAT,0.000002,0.069,7,0.3333,40.6
AGTAGTAATCACACC,0.000002,0.069,7,0.4000,44.3
ATCGTCTCGGTATAA,0.000002,0.069,7,0.4000,45.5
ACGACAGGTTTACCA,0.000002,0.069,7,0.4667,47.8
CTTTCATGTCCGCAT,0.000002,0.069,7,0.4667,49.9
TGGATGTGTGAACAC,0.000002,0.069,7,0.4667,46.5
ACCCCGCAATACATG,0.000002,0.069,7,0.5333,51.3
GCAGTGGATGTGAGA,0.000002,0.069,7,0.5333,51.2
GGTCCTTACTTGGTG,0.000002,0.069,7,0.5333,47.8
CGCCTCATGCTCATC,0.000002,0.069,7,0.6000,52.8
AAATAGCCGGGCCGC,0.000002,0.069,7,0.6667,59.0
CCAGCCAGTCTCTCC,0.000002,0.069,7,0.6667,54.1
GACGACAAGACCGCG,0.000002,0.069,7,0.6667,57.9
CAGCCTCGTCGCAGC,0.000002,0.069,7,0.7333,60.8
CTCGCGGTCGAAGCG,0.000002,0.069,7,0.7333,61.5
GCGTCGGTCCGGGCT,0.000002,0.069,7,0.8000,64.9
TACTAACATTAACTA,0.000002,0.119,7,0.2000,40.4
ATACTTACTGATTAG,0.000002,0.119,7,0.2667,41.4
GTACACTGTCTTATA,0.000002,0.119,7,0.3333,44.8
GTATGAGAGACTTTA,0.000002,0.119,7,0.3333,44.2
TTCTACCTATGTGAT,0.000002,0.119,7,0.3333,44.6
AGTAGTAATCACACC,0.000002,0.119,7,0.4000,47.8
ATCGTCTCGGTATAA,0.000002,0.119,7,0.4000,49.4
ACGACAGGTTTACCA,0.000002,0.119,7,0.4667,51.2
CTTTCATGTCCGCAT,0.000002,0.119,7,0.4667,53.9
TGGATGTGTGAACAC,0.000002,0.119,7,0.4667,51.6
ACCCCGCAATACATG,0.000002,0.119,7,0.5333,55.2
GCAGTGGATGTGAGA,0.000002,0.119,7,0.5333,54.8
GGTCCTTACTTGGTG,0.000002,0.119,7,0.5333,51.6
CGCCTCATGCTCATC,0.000002,0.119,7,0.6000,56.7
AAATAGCCGGGCCGC,0.000002,0.119,7,0.6667,62.2
CCAGCCAGTCTCTCC,0.000002,0.119,7,0.6667,58.0
GACGACAAGACCGCG,0.000002,0.119,7,0.6667,61.5
CAGCCTCGTCGCAGC,0.000002,0.119,7,0.7333,64.1
CTCGCGGTCGAAGCG,0.000002,0.119,7,0.7333,64.6
GCGTCGGTCCGGGCT,0.000002,0.119,7,0.8000,67.7
TACTAACATTAACTA,0.000002,0.220,7,0.2000,44.1
ATACTTACTGATTAG,0.000002,0.220,7,0.2667,45.0
GTACACTGTCTTATA,0.000002,0.220,7,0.3333,48.3
GTATGAGAGACTTTA,0.000002,0.220,7,0.3333,47.9
TTCTACCTATGTGAT,0.000002,0.220,7,0.3333,48.1
AGTAGTAATCACACC,0.000002,0.220,7,0.4000,51.6
ATCGTCTCGGTATAA,0.000002,0.220,7,0.4000,52.9
ACGACAGGTTTACCA,0.000002,0.220,7,0.4667,55.5
CTTTCATGTCCGCAT,0.000002,0.220,7,0.4667,57.1
TGGATGTGTGAACAC,0.000002,0.220,7,0.4667,54.6
ACCCCGCAATACATG,0.000002,0.220,7,0.5333,58.5
GCAGTGGATGTGAGA,0.000002,0.220,7,0.5333,58.0
GGTCCTTACTTGGTG,0.000002,0.220,7,0.5333,55.1
CGCCTCATGCTCATC,0.000002,0.220,7,0.6000,60.1
AAATAGCCGGGCCGC,0.000002,0.220,7,0.6667,65.3
CCAGCCAGTCTCTCC,0.000002,0.220,7,0.6667,61.5
GACGACAAGACCGCG,0.000002,0.220,7,0.6667,64.4
CAGCCTCGTCGCAGC,0.000002,0.220,7,0.7333,67.4
CTCGCGGTCGAAGCG,0.000002,0.220,7,0.7333,67.1
GCGTCGGTCCGGGCT,0.000002,0.220,7,0.8000,70.5
TACTAACATTAACTA,0.000002,0.621,7,0.2000,49.3
ATACTTACTGATTAG,0.000002,0.621,7,0.2667,49.9
GTACACTGTCTTATA,0.000002,0.621,7,0.3333,52.9
GTATGAGAGACTTTA,0.000002,0.621,7,0.3333,53.3
TTCTACCTATGTGAT,0.000002,0.621,7,0.3333,52.3
AGTAGTAATCACACC,0.000002,0.621,7,0.4000,56.2
ATCGTCTCGGTATAA,0.000002,0.621,7,0.4000,57.4
ACGACAGGTTTACCA,0.000002,0.621,7,0.4667,59.8
CTTTCATGTCCGCAT,0.000002,0.621,7,0.4667,61.4
TGGATGTGTGAACAC,0.000002,0.621,7,0.4667,59.1
ACCCCGCAATACATG,0.000002,0.621,7,0.5333,62.4
GCAGTGGATGTGAGA,0.000002,0.621,7,0.5333,61.7
GGTCCTTACTTGGTG,0.000002,0.621,7,0.5333,59.1
CGCCTCATGCTCATC,0.000002,0.621,7,0.6000,63.6
AAATAGCCGGGCCGC,0.000002,0.621,7,0.6667,69.0
CCAGCCAGTCTCTCC,0.000002,0.621,7,0.6667,65.1
GACGACAAGACCGCG,0.000002,0.621,7,0.6667,67.6
CAGCCTCGTCGCAGC,0.000002,0.621,7,0.7333,70.1
CTCGCGGTCGAAGCG,0.000002,0.621,7,0.7333,70.0
GCGTCGGTCCGGGCT,0.000002,0.621,7,0.8000,73.9
TACTAACATTAACTA,0.000002,1.020,7,0.2000,51.1
ATACTTACTGATTAG,0.000002,1.020,7,0.2667,51.5
GTACACTGTCTTATA,0.000002,1.020,7,0.3333,54.8
GTATGAGAGACTTTA,0.000002,1.020,7,0.3333,55.4
TTCTACCTATGTGAT,0.000002,1.020,7,0.3333,53.7
AGTAGTAATCACACC,0.000002,1.020,7,0.4000,57.1
ATCGTCTCGGTATAA,0.000002,1.020,7,0.4000,58.6
ACGACAGGTTTACCA,0.000002,1.020,7,0.4667,61.3
CTTTCATGTCCGCAT,0.000002,1.020,7,0.4667,62.8
TGGATGTGTGAACAC,0.000002,1.020,7,0.4667,60.4
ACCCCGCAATACATG,0.000002,1.020,7,0.5333,62.9
GCAGTGGATGTGAGA,0.000002,1.020,7,0.5333,63.3
GGTCCTTACTTGGTG,0.000002,1.020,7,0.5333,60.3
CGCCTCATGCTCATC,0.000002,1.020,7,0.6000,65.8
AAATAGCCGGGCCGC,0.000002,1.020,7,0.6667,70.4
CCAGCCAGTCTCTCC,0.000002,1.020,7,0.6667,66.7
GACGACAAGACCGCG,0.000002,1.020,7,0.6667,68.6
CAGCCTCGTCGCAGC,0.000002,1.020,7,0.7333,72.0
CTCGCGGTCGAAGCG,0.000002,1.020,7,0.7333,70.7
GCGTCGGTCCGGGCT,0.000002,1.020,7,0.8000,74.1
TATGTATATTTTGTAATCAG,0.000002,0.069,7,0.2000,44.4
TTCAAGTTAAACATTCTATC,0.000002,0.069,7,0.2500,45.7
TGATTCTACCTATGTGATTT,0.000002,0.069,7,0.3000,49.1
GAGATTGTTTCCCTTTCAAA,0.000002,0.069,7,0.3500,49.3
ATGCAATGCTACATATTCGC,0.000002,0.069,7,0.4000,55.2
CCACTATACCATCTATGTAC,0.000002,0.069,7,0.4000,51.1
CCATCATTGTGTCTACCTCA,0.000002,0.069,7,0.4500,55.6
CGGGACCAACTAAAGGAAAT,0.000002,0.069,7,0.4500,53.7
TAGTGGCGATTAGATTCTGC,0.000002,0.069,7,0.4500,57.0
AGCTGCAGTGGATGTGAGAA,0.000002,0.069,7,0.5000,59.7
TACTTCCAGTGCTCAGCGTA,0.000002,0.069,7,0.5000,60.3
CAGTGAGACAGCAATGGTCG,0.000002,0.069,7,0.5500,59.8
CGAGCTTATCCCTATCCCTC,0.000002,0.069,7,0.5500,56.0
CGTACTAGCGTTGGTCATGG,0.000002,0.069,7,0.5500,59.6
AAGGCGAGTCAGGCTCAGTG,0.000002,0.069,7,0.6000,64.5
ACCGACGACGCTGATCCGAT,0.000002,0.069,7,0.6000,66.0
AGCAGTCCGCCACACCCTGA,0.000002,0.069,7,0.6500,66.5
CAGCCTCGTTCGCACAGCCC,0.000002,0.069,7,0.7000,67.2
GTGGTGGGCCGTGCGCTCTG,0.000002,0.069,7,0.7500,69.2
GTCCACGCCCGGTGCGACGG,0.000002,0.069,7,0.8000,70.9
TATGTATATTTTGTAATCAG,0.000002,0.119,7,0.2000,47.7
TTCAAGTTAAACATTCTATC,0.000002,0.119,7,0.2500,49.5
TGATTCTACCTATGTGATTT,0.000002,0.119,7,0.3000,53.5
GAGATTGTTTCCCTTTCAAA,0.000002,0.119,7,0.3500,52.8
ATGCAATGCTACATATTCGC,0.000002,0.119,7,0.4000,59.5
CCACTATACCATCTATGTAC,0.000002,0.119,7,0.4000,54.6
CCATCATTGTGTCTACCTCA,0.000002,0.119,7,0.4500,59.5
CGGGACCAACTAAAGGAAAT,0.000002,0.119,7,0.4500,57.7
TAGTGGCGATTAGATTCTGC,0.000002,0.119,7,0.4500,60.6
AGCTGCAGTGGATGTGAGAA,0.000002,0.119,7,0.5000,63.5
TACTTCCAGTGCTCAGCGTA,0.000002,0.119,7,0.5000,64.4
CAGTGAGACAGCAATGGTCG,0.000002,0.119,7,0.5500,63.5
CGAGCTTATCCCTATCCCTC,0.000002,0.119,7,0.5500,60.2
CGTACTAGCGTTGGTCATGG,0.000002,0.119,7,0.5500,63.1
AAGGCGAGTCAGGCTCAGTG,0.000002,0.119,7,0.6000,67.7
ACCGACGACGCTGATCCGAT,0.000002,0.119,7,0.6000,69.1
AGCAGTCCGCCACACCCTGA,0.000002,0.119,7,0.6500,69.9
CAGCCTCGTTCGCACAGCCC,0.000002,0.119,7,0.7000,70.7
GTGGTGGGCCGTGCGCTCTG,0.000002,0.119,7,0.7500,72.7
GTCCACGCCCGGTGCGACGG,0.000002,0.119,7,0.8000,73.9
TATGTATATTTTGTAATCAG,0.000002,0.220,7,0.2000,52.6
TTCAAGTTAAACATTCTATC,0.000002,0.220,7,0.2500,53.9
TGATTCTACCTATGTGATTT,0.000002,0.220,7,0.3000,57.4
GAGATTGTTTCCCTTTCAAA,0.000002,0.220,7,0.3500,57.6
ATGCAATGCTACATATTCGC,0.000002,0.220,7,0.4000,62.9
CCACTATACCATCTATGTAC,0.000002,0.220,7,0.4000,58.4
CCATCATTGTGTCTACCTCA,0.000002,0.220,7,0.4500,63.1
CGGGACCAACTAAAGGAAAT,0.000002,0.220,7,0.4500,61.7
TAGTGGCGATTAGATTCTGC,0.000002,0.220,7,0.4500,64.8
AGCTGCAGTGGATGTGAGAA,0.000002,0.220,7,0.5000,67.6
TACTTCCAGTGCTCAGCGTA,0.000002,0.220,7,0.5000,67.7
CAGTGAGACAGCAATGGTCG,0.000002,0.220,7,0.5500,67.0
CGAGCTTATCCCTATCCCTC,0.000002,0.220,7,0.5500,64.1
CGTACTAGCGTTGGTCATGG,0.000002,0.220,7,0.5500,66.6
AAGGCGAGTCAGGCTCAGTG,0.000002,0.220,7,0.6000,71.4
ACCGACGACGCTGATCCGAT,0.000002,0.220,7,0.6000,72.6
AGCAGTCCGCCACACCCTGA,0.000002,0.220,7,0.6500,74.0
CAGCCTCGTTCGCACAGCCC,0.000002,0.220,7,0.7000,74.0
GTGGTGGGCCGTGCGCTCTG,0.000002,0.220,7,0.7500,76.2
GTCCACGCCCGGTGCGACGG,0.000002,0.220,7,0.8000,77.3
TATGTATATTTTGTAATCAG,0.000002,0.621,7,0.2000,57.6
TTCAAGTTAAACATTCTATC,0.000002,0.621,7,0.2500,59.4
TGATTCTACCTATGTGATTT,0.000002,0.621,7,0.3000,62.3
GAGATTGTTTCCCTTTCAAA,0.000002,0.621,7,0.3500,62.6
ATGCAATGCTACATATTCGC,0.000002,0.621,7,0.4000,67.0
CCACTATACCATCTATGTAC,0.000002,0.621,7,0.4000,62.2
CCATCATTGTGTCTACCTCA,0.000002,0.621,7,0.4500,67.3
CGGGACCAACTAAAGGAAAT,0.000002,0.621,7,0.4500,66.7
TAGTGGCGATTAGATTCTGC,0.000002,0.621,7,0.4500,69.1
AGCTGCAGTGGATGTGAGAA,0.000002,0.621,7,0.5000,71.3
TACTTCCAGTGCTCAGCGTA,0.000002,0.621,7,0.5000,71.6
CAGTGAGACAGCAATGGTCG,0.000002,0.621,7,0.5500,71.1
CGAGCTTATCCCTATCCCTC,0.000002,0.621,7,0.5500,68.5
CGTACTAGCGTTGGTCATGG,0.000002,0.621,7,0.5500,70.5
AAGGCGAGTCAGGCTCAGTG,0.000002,0.621,7,0.6000,75.1
ACCGACGACGCTGATCCGAT,0.000002,0.621,7,0.6000,76.8
AGCAGTCCGCCACACCCTGA,0.000002,0.621,7,0.6500,76.9
CAGCCTCGTTCGCACAGCCC,0.000002,0.621,7,0.7000,77.7
GTGGTGGGCCGTGCGCTCTG,0.000002,0.621,7,0.7500,79.6
GTCCACGCCCGGTGCGACGG,0.000002,0.621,7,0.8000,79.8
TATGTATATTTTGTAATCAG,0.000002,1.020,7,0.2000,61.2
TTCAAGTTAAACATTCTATC,0.000002,1.020,7,0.2500,61.5
TGATTCTACCTATGTGATTT,0.000002,1.020,7,0.3000,64.4
GAGATTGTTTCCCTTTCAAA,0.000002,1.020,7,0.3500,65.3
ATGCAATGCTACATATTCGC,0.000002,1.020,7,0.4000,68.9
CCACTATACCATCTATGTAC,0.000002,1.020,7,0.4000,64.4
CCATCATTGTGTCTACCTCA,0.000002,1.020,7,0.4500,68.5
CGGGACCAACTAAAGGAAAT,0.000002,1.020,7,0.4500,68.5
TAGTGGCGATTAGATTCTGC,0.000002,1.020,7,0.4500,71.2
AGCTGCAGTGGATGTGAGAA,0.000002,1.020,7,0.5000,73.1
TACTTCCAGTGCTCAGCGTA,0.000002,1.020,7,0.5000,73.6
CAGTGAGACAGCAATGGTCG,0.000002,1.020,7,0.5500,72.5
CGAGCTTATCCCTATCCCTC,0.000002,1.020,7,0.5500,70.3
CGTACTAGCGTTGGTCATGG,0.000002,1.020,7,0.5500,71.1
AAGGCGAGTCAGGCTCAGTG,0.000002,1.020,7,0.6000,76.3
ACCGACGACGCTGATCCGAT,0.000002,1.020,7,0.6000,77.3
AGCAGTCCGCCACACCCTGA,0.000002,1.020,7,0.6500,78.5
CAGCCTCGTTCGCACAGCCC,0.000002,1.020,7,0.7000,78.1
GTGGTGGGCCGTGCGCTCTG,0.000002,1.020,7,0.7500,81.0
GTCCACGCCCGGTGCGACGG,0.000002,1.020,7,0.8000,81.1
GATATAGCAAAATTCTAAGTTAATA,0.000002,0.069,7,0.2000,49.1
ATAACTTTACGTGTGTGACCTATTA,0.000002,0.069,7,0.3200,56.6
GTTCTATACTCTTGAAGTTGATTAC,0.000002,0.069,7,0.3200,52.7
CCCTGCACTTTAACTGAATTGTTTA,0.000002,0.069,7,0.3600,57.4
TAACCATACTGAATACCTTTTGACG,0.000002,0.069,7,0.3600,56.5
TCCACACGGTAGTAAAATTAGGCTT,0.000002,0.069,7,0.4000,59.3
TTCCAAAAGGAGTTATGAGTTGCGA,0.000002,0.069,7,0.4000,59.1
AATATCTCTCATGCGCCAAGCTACA,0.000002,0.069,7,0.4400,62.1
TAGTATATCGCAGCATCATACAGGC,0.000002,0.069,7,0.4400,61.2
TGGATTCTACTCAACCTTAGTCTGG,0.000002,0.069,7,0.4400,59.0
CGGAATCCATGTTACTTCGGCTATC,0.000002,0.069,7,0.4800,60.9
CTGGTCTGGATCTGAGAACTTCAGG,0.000002,0.069,7,0.5200,62.1
ACAGCGAATGGACCTACGTGGCCTT,0.000002,0.069,7,0.5600,68.1
AGCAAGTCGAGCAGGGCCTACGTTT,0.000002,0.069,7,0.5600,68.3
GATATAGCAAAATTCTAAGTTAATA,0.000002,0.119,7,0.2000,53.5
ATAACTTTACGTGTGTGACCTATTA,0.000002,0.119,7,0.3200,60.7
GTTCTATACTCTTGAAGTTGATTAC,0.000002,0.119,7,0.3200,56.1
CCCTGCACTTTAACTGAATTGTTTA,0.000002,0.119,7,0.3600,61.4
TAACCATACTGAATACCTTTTGACG,0.000002,0.119,7,0.3600,60.2
TCCACACGGTAGTAAAATTAGGCTT,0.000002,0.119,7,0.4000,63.1
TTCCAAAAGGAGTTATGAGTTGCGA,0.000002,0.119,7,0.4000,63.0
AATATCTCTCATGCGCCAAGCTACA,0.000002,0.119,7,0.4400,65.7
TAGTATATCGCAGCATCATACAGGC,0.000002,0.119,7,0.4400,64.7
TGGATTCTACTCAACCTTAGTCTGG,0.000002,0.119,7,0.4400,63.1
CGGAATCCATGTTACTTCGGCTATC,0.000002,0.119,7,0.4800,64.7
CTGGTCTGGATCTGAGAACTTCAGG,0.000002,0.119,7,0.5200,65.8
ACAGCGAATGGACCTACGTGGCCTT,0.000002,0.119,7,0.5600,72.1
AGCAAGTCGAGCAGGGCCTACGTTT,0.000002,0.119,7,0.5600,72.6
GATATAGCAAAATTCTAAGTTAATA,0.000002,0.220,7,0.2000,57.7
ATAACTTTACGTGTGTGACCTATTA,0.000002,0.220,7,0.3200,64.7
GTTCTATACTCTTGAAGTTGATTAC,0.000002,0.220,7,0.3200,60.6
CCCTGCACTTTAACTGAATTGTTTA,0.000002,0.220,7,0.3600,65.6
TAACCATACTGAATACCTTTTGACG,0.000002,0.220,7,0.3600,64.3
TCCACACGGTAGTAAAATTAGGCTT,0.000002,0.220,7,0.4000,67.3
TTCCAAAAGGAGTTATGAGTTGCGA,0.000002,0.220,7,0.4000,67.2
AATATCTCTCATGCGCCAAGCTACA,0.000002,0.220,7,0.4400,70.3
TAGTATATCGCAGCATCATACAGGC,0.000002,0.220,7,0.4400,69.1
TGGATTCTACTCAACCTTAGTCTGG,0.000002,0.220,7,0.4400,67.1
CGGAATCCATGTTACTTCGGCTATC,0.000002,0.220,7,0.4800,68.7
CTGGTCTGGATCTGAGAACTTCAGG,0.000002,0.220,7,0.5200,69.6
ACAGCGAATGGACCTACGTGGCCTT,0.000002,0.220,7,0.5600,76.0
AGCAAGTCGAGCAGGGCCTACGTTT,0.000002,0.220,7,0.5600,76.3
GATATAGCAAAATTCTAAGTTAATA,0.000002,0.621,7,0.2000,63.3
ATAACTTTACGTGTGTGACCTATTA,0.000002,0.621,7,0.3200,69.6
GTTCTATACTCTTGAAGTTGATTAC,0.000002,0.621,7,0.3200,66.1
CCCTGCACTTTAACTGAATTGTTTA,0.000002,0.621,7,0.3600,70.1
TAACCATACTGAATACCTTTTGACG,0.000002,0.621,7,0.3600,68.9
TCCACACGGTAGTAAAATTAGGCTT,0.000002,0.621,7,0.4000,71.8
TTCCAAAAGGAGTTATGAGTTGCGA,0.000002,0.621,7,0.4000,71.6
AATATCTCTCATGCGCCAAGCTACA,0.000002,0.621,7,0.4400,75.1
TAGTATATCGCAGCATCATACAGGC,0.000002,0.621,7,0.4400,72.8
TGGATTCTACTCAACCTTAGTCTGG,0.000002,0.621,7,0.4400,71.3
CGGAATCCATGTTACTTCGGCTATC,0.000002,0.621,7,0.4800,73.3
CTGGTCTGGATCTGAGAACTTCAGG,0.000002,0.621,7,0.5200,74.2
ACAGCGAATGGACCTACGTGGCCTT,0.000002,0.621,7,0.5600,79.4
AGCAAGTCGAGCAGGGCCTACGTTT,0.000002,0.621,7,0.5600,80.0
GATATAGCAAAATTCTAAGTTAATA,0.000002,1.020,7,0.2000,66.1
ATAACTTTACGTGTGTGACCTATTA,0.000002,1.020,7,0.3200,71.8
GTTCTATACTCTTGAAGTTGATTAC,0.000002,1.020,7,0.3200,67.7
CCCTGCACTTTAACTGAATTGTTTA,0.000002,1.020,7,0.3600,72.5
TAACCATACTGAATACCTTTTGACG,0.000002,1.020,7,0.3600,71.3
TCCACACGGTAGTAAAATTAGGCTT,0.000002,1.020,7,0.4000,73.8
TTCCAAAAGGAGTTATGAGTTGCGA,0.000002,1.020,7,0.4000,73.8
AATATCTCTCATGCGCCAAGCTACA,0.000002,1.020,7,0.4400,76.5
TAGTATATCGCAGCATCATACAGGC,0.000002,1.020,7,0.4400,75.0
TGGATTCTACTCAACCTTAGTCTGG,0.000002,1.020,7,0.4400,73.6
CGGAATCCATGTTACTTCGGCTATC,0.000002,1.020,7,0.4800,74.8
CTGGTCTGGATCTGAGAACTTCAGG,0.000002,1.020,7,0.5200,75.6
ACAGCGAATGGACCTACGTGGCCTT,0.000002,1.020,7,0.5600,81.0
AGCAAGTCGAGCAGGGCCTACGTTT,0.000002,1.020,7,0.5600,81.5
GCGAGCGACAGGTTACTTGGCTGAT,0.000002,0.069,7,0.5600,67.0
AAAGGTGTCGCGGAGAGTCGTGCTG,0.000002,0.069,7,0.6000,69.6
ATGGGTGGGAGCCTCGGTAGCAGCC,0.000002,0.069,7,0.6800,70.7
CAGTGGGCTCCTGGGCGTGCTGGTC,0.000002,0.069,7,0.7200,72.0
GCCAACTCCGTCGCCGTTCGTGCGC,0.000002,0.069,7,0.7200,73.5
ACGGGTCCCCGCACCGCACCGCCAG,0.000002,0.069,7,0.8000,76.8
TTATGTATTAAGTTATATAGTAGTAGTAGT,0.000002,0.069,7,0.2000,50.7
ATTGATATCCTTTTCTATTCATCTTTCATT,0.000002,0.069,7,0.2333,53.5
AAAGTACATCAACATAGAGAATTGCATTTC,0.000002,0.069,7,0.3000,58.3
CTTAAGATATGAGAACTTCAACTAATGTGT,0.000002,0.069,7,0.3000,56.8
CTCAACTTGCGGTAAATAAATCGCTTAATC,0.000002,0.069,7,0.3667,60.9
TATTGAGAACAAGTGTCCGATTAGCAGAAA,0.000002,0.069,7,0.3667,61.3
GTCATACGACTGAGTGCAACATTGTTCAAA,0.000002,0.069,7,0.4000,62.7
AACCTGCAACATGGAGTTTTTGTCTCATGC,0.000002,0.069,7,0.4333,64.5
CCGTGCGGTGTGTACGTTTTATTCATCATA,0.000002,0.069,7,0.4333,63.9
GTTCACGTCCGAAAGCTCGAAAAAGGATAC,0.000002,0.069,7,0.4667,64.3
AGTCTGGTCTGGATCTGAGAACTTCAGGCT,0.000002,0.069,7,0.5000,66.3
TCGGAGAAATCACTGAGCTGCCTGAGAAGA,0.000002,0.069,7,0.5000,66.3
CTTCAACGGATCAGGTAGGACTGTGGTGGG,0.000002,0.069,7,0.5667,67.6
ACGCCCACAGGATTAGGCTGGCCCACATTG,0.000002,0.069,7,0.6000,71.3
GTTATTCCGCAGTCCGATGGCAGCAGGCTC,0.000002,0.069,7,0.6000,70.6
TCAGTAGGCGTGACGCAGAGCTGGCGATGG,0.000002,0.069,7,0.6333,72.2
CGCGCCACGTGTGATCTACAGCCGTTCGGC,0.000002,0.069,7,0.6667,72.7
GACCTGACGTGGACCGCTCCTGGGCGTGGT,0.000002,0.069,7,0.7000,74.4
GCCCCTCCACTGGCCGACGGCAGCAGGCTC,0.000002,0.069,7,0.7667,76.3
CGCCGCTGCCGACTGGAGGAGCGCGGGACG,0.000002,0.069,7,0.8000,77.8
GCGAGCGACAGGTTACTTGGCTGAT,0.000002,0.119,7,0.5600,70.8
AAAGGTGTCGCGGAGAGTCGTGCTG,0.000002,0.119,7,0.6000,73.6
ATGGGTGGGAGCCTCGGTAGCAGCC,0.000002,0.119,7,0.6800,74.5
CAGTGGGCTCCTGGGCGTGCTGGTC,0.000002,0.119,7,0.7200,75.6
GCCAACTCCGTCGCCGTTCGTGCGC,0.000002,0.119,7,0.7200,76.5
ACGGGTCCCCGCACCGCACCGCCAG,0.000002,0.119,7,0.8000,79.9
TTATGTATTAAGTTATATAGTAGTAGTAGT,0.000002,0.119,7,0.2000,55.0
ATTGATATCCTTTTCTATTCATCTTTCATT,0.000002,0.119,7,0.2333,58.3
AAAGTACATCAACATAGAGAATTGCATTTC,0.000002,0.119,7,0.3000,61.9
CTTAAGATATGAGAACTTCAACTAATGTGT,0.000002,0.119,7,0.3000,61.3
CTCAACTTGCGGTAAATAAATCGCTTAATC,0.000002,0.119,7,0.3667,64.8
TATTGAGAACAAGTGTCCGATTAGCAGAAA,0.000002,0.119,7,0.3667,65.4
GTCATACGACTGAGTGCAACATTGTTCAAA,0.000002,0.119,7,0.4000,66.8
AACCTGCAACATGGAGTTTTTGTCTCATGC,0.000002,0.119,7,0.4333,68.3
CCGTGCGGTGTGTACGTTTTATTCATCATA,0.000002,0.119,7,0.4333,68.3
GTTCACGTCCGAAAGCTCGAAAAAGGATAC,0.000002,0.119,7,0.4667,68.2
AGTCTGGTCTGGATCTGAGAACTTCAGGCT,0.000002,0.119,7,0.5000,70.4
TCGGAGAAATCACTGAGCTGCCTGAGAAGA,0.000002,0.119,7,0.5000,70.4
CTTCAACGGATCAGGTAGGACTGTGGTGGG,0.000002,0.119,7,0.5667,71.7
ACGCCCACAGGATTAGGCTGGCCCACATTG,0.000002,0.119,7,0.6000,74.7
GTTATTCCGCAGTCCGATGGCAGCAGGCTC,0.000002,0.119,7,0.6000,74.9
TCAGTAGGCGTGACGCAGAGCTGGCGATGG,0.000002,0.119,7,0.6333,75.7
CGCGCCACGTGTGATCTACAGCCGTTCGGC,0.000002,0.119,7,0.6667,76.3
GACCTGACGTGGACCGCTCCTGGGCGTGGT,0.000002,0.119,7,0.7000,78.4
GCCCCTCCACTGGCCGACGGCAGCAGGCTC,0.000002,0.119,7,0.7667,79.8
CGCCGCTGCCGACTGGAGGAGCGCGGGACG,0.000002,0.119,7,0.8000,81.6
GCGAGCGACAGGTTACTTGGCTGAT,0.000002,0.220,7,0.5600,74.7
AAAGGTGTCGCGGAGAGTCGTGCTG,0.000002,0.220,7,0.6000,77.4
ATGGGTGGGAGCCTCGGTAGCAGCC,0.000002,0.220,7,0.6800,78.2
CAGTGGGCTCCTGGGCGTGCTGGTC,0.000002,0.220,7,0.7200,79.2
GCCAACTCCGTCGCCGTTCGTGCGC,0.000002,0.220,7,0.7200,80.6
ACGGGTCCCCGCACCGCACCGCCAG,0.000002,0.220,7,0.8000,84.0
TTATGTATTAAGTTATATAGTAGTAGTAGT,0.000002,0.220,7,0.2000,59.3
ATTGATATCCTTTTCTATTCATCTTTCATT,0.000002,0.220,7,0.2333,62.3
AAAGTACATCAACATAGAGAATTGCATTTC,0.000002,0.220,7,0.3000,66.1
CTTAAGATATGAGAACTTCAACTAATGTGT,0.000002,0.220,7,0.3000,64.9
CTCAACTTGCGGTAAATAAATCGCTTAATC,0.000002,0.220,7,0.3667,68.7
TATTGAGAACAAGTGTCCGATTAGCAGAAA,0.000002,0.220,7,0.3667,69.6
GTCATACGACTGAGTGCAACATTGTTCAAA,0.000002,0.220,7,0.4000,70.8
AACCTGCAACATGGAGTTTTTGTCTCATGC,0.000002,0.220,7,0.4333,72.5
CCGTGCGGTGTGTACGTTTTATTCATCATA,0.000002,0.220,7,0.4333,71.8
GTTCACGTCCGAAAGCTCGAAAAAGGATAC,0.000002,0.220,7,0.4667,72.1
AGTCTGGTCTGGATCTGAGAACTTCAGGCT,0.000002,0.220,7,0.5000,74.5
TCGGAGAAATCACTGAGCTGCCTGAGAAGA,0.000002,0.220,7,0.5000,74.1
CTTCAACGGATCAGGTAGGACTGTGGTGGG,0.000002,0.220,7,0.5667,74.7
ACGCCCACAGGATTAGGCTGGCCCACATTG,0.000002,0.220,7,0.6000,78.5
GTTATTCCGCAGTCCGATGGCAGCAGGCTC,0.000002,0.220,7,0.6000,78.1
TCAGTAGGCGTGACGCAGAGCTGGCGATGG,0.000002,0.220,7,0.6333,79.3
CGCGCCACGTGTGATCTACAGCCGTTCGGC,0.000002,0.220,7,0.6667,79.5
GACCTGACGTGGACCGCTCCTGGGCGTGGT,0.000002,0.220,7,0.7000,81.5
GCCCCTCCACTGGCCGACGGCAGCAGGCTC,0.000002,0.220,7,0.7667,83.6
CGCCGCTGCCGACTGGAGGAGCGCGGGACG,0.000002,0.220,7,0.8000,84.6
GCGAGCGACAGGTTACTTGGCTGAT,0.000002,0.621,7,0.5600,78.6
AAAGGTGTCGCGGAGAGTCGTGCTG,0.000002,0.621,7,0.6000,81.2
ATGGGTGGGAGCCTCGGTAGCAGCC,0.000002,0.621,7,0.6800,81.6
CAGTGGGCTCCTGGGCGTGCTGGTC,0.000002,0.621,7,0.7200,82.6
GCCAACTCCGTCGCCGTTCGTGCGC,0.000002,0.621,7,0.7200,83.2
ACGGGTCCCCGCACCGCACCGCCAG,0.000002,0.621,7,0.8000,87.1
TTATGTATTAAGTTATATAGTAGTAGTAGT,0.000002,0.621,7,0.2000,65.1
ATTGATATCCTTTTCTATTCATCTTTCATT,0.000002,0.621,7,0.2333,68.6
AAAGTACATCAACATAGAGAATTGCATTTC,0.000002,0.621,7,0.3000,71.3
CTTAAGATATGAGAACTTCAACTAATGTGT,0.000002,0.621,7,0.3000,70.5
CTCAACTTGCGGTAAATAAATCGCTTAATC,0.000002,0.621,7,0.3667,74.4
TATTGAGAACAAGTGTCCGATTAGCAGAAA,0.000002,0.621,7,0.3667,74.8
GTCATACGACTGAGTGCAACATTGTTCAAA,0.000002,0.621,7,0.4000,75.9
AACCTGCAACATGGAGTTTTTGTCTCATGC,0.000002,0.621,7,0.4333,77.7
CCGTGCGGTGTGTACGTTTTATTCATCATA,0.000002,0.621,7,0.4333,76.5
GTTCACGTCCGAAAGCTCGAAAAAGGATAC,0.000002,0.621,7,0.4667,77.1
AGTCTGGTCTGGATCTGAGAACTTCAGGCT,0.000002,0.621,7,0.5000,78.8
TCGGAGAAATCACTGAGCTGCCTGAGAAGA,0.000002,0.621,7,0.5000,79.0
CTTCAACGGATCAGGTAGGACTGTGGTGGG,0.000002,0.621,7,0.5667,78.8
ACGCCCACAGGATTAGGCTGGCCCACATTG,0.000002,0.621,7,0.6000,82.7
GTTATTCCGCAGTCCGATGGCAGCAGGCTC,0.000002,0.621,7,0.6000,82.4
TCAGTAGGCGTGACGCAGAGCTGGCGATGG,0.000002,0.621,7,0.6333,83.3
CGCGCCACGTGTGATCTACAGCCGTTCGGC,0.000002,0.621,7,0.6667,83.4
GACCTGACGTGGACCGCTCCTGGGCGTGGT,0.000002,0.621,7,0.7000,85.2
GCCCCTCCACTGGCCGACGGCAGCAGGCTC,0.000002,0.621,7,0.7667,87.1
CGCCGCTGCCGACTGGAGGAGCGCGGGACG,0.000002,0.621,7,0.8000,87.7
GCGAGCGACAGGTTACTTGGCTGAT,0.000002,1.020,7,0.5600,80.1
AAAGGTGTCGCGGAGAGTCGTGCTG,0.000002,1.020,7,0.6000,82.4
ATGGGTGGGAGCCTCGGTAGCAGCC,0.000002,1.020,7,0.6800,83.4
CAGTGGGCTCCTGGGCGTGCTGGTC,0.000002,1.020,7,0.7200,83.4
GCCAACTCCGTCGCCGTTCGTGCGC,0.000002,1.020,7,0.7200,84.6
ACGGGTCCCCGCACCGCACCGCCAG,0.000002,1.020,7,0.8000,88.3
TTATGTATTAAGTTATATAGTAGTAGTAGT,0.000002,1.020,7,0.2000,66.6
ATTGATATCCTTTTCTATTCATCTTTCATT,0.000002,1.020,7,0.2333,70.4
AAAGTACATCAACATAGAGAATTGCATTTC,0.000002,1.020,7,0.3000,73.2
CTTAAGATATGAGAACTTCAACTAATGTGT,0.000002,1.020,7,0.3000,71.8
CTCAACTTGCGGTAAATAAATCGCTTAATC,0.000002,1.020,7,0.3667,75.5
TATTGAGAACAAGTGTCCGATTAGCAGAAA,0.000002,1.020,7,0.3667,76.4
GTCATACGACTGAGTGCAACATTGTTCAAA,0.000002,1.020,7,0.4000,76.9
AACCTGCAACATGGAGTTTTTGTCTCATGC,0.000002,1.020,7,0.4333,78.7
CCGTGCGGTGTGTACGTTTTATTCATCATA,0.000002,1.020,7,0.4333,77.6
GTTCACGTCCGAAAGCTCGAAAAAGGATAC,0.000002,1.020,7,0.4667,78.7
AGTCTGGTCTGGATCTGAGAACTTCAGGCT,0.000002,1.020,7,0.5000,80.6
TCGGAGAAATCACTGAGCTGCCTGAGAAGA,0.000002,1.020,7,0.5000,80.9
CTTCAACGGATCAGGTAGGACTGTGGTGGG,0.000002,1.020,7,0.5667,80.1
ACGCCCACAGGATTAGGCTGGCCCACATTG,0.000002,1.020,7,0.6000,84.0
GTTATTCCGCAGTCCGATGGCAGCAGGCTC,0.000002,1.020,7,0.6000,84.1
TCAGTAGGCGTGACGCAGAGCTGGCGATGG,0.000002,1.020,7,0.6333,84.6
CGCGCCACGTGTGATCTACAGCCGTTCGGC,0.000002,1.020,7,0.6667,84.5
GACCTGACGTGGACCGCTCCTGGGCGTGGT,0.000002,1.020,7,0.7000,86.4
GCCCCTCCACTGGCCGACGGCAGCAGGCTC,0.000002,1.020,7,0.7667,87.7
CGCCGCTGCCGACTGGAGGAGCGCGGGACG,0.000002,1.020,7,0.8000,88.6
ACCGCA,0.000008,1.015,7,0.6667,27.9
ACCGCA,0.000008,0.615,7,0.6667,27.5
GCATGC,0.0001,1.000,7,0.6667,38.3
GCATGC,0.0001,1.000,7,0.6667,38.3
CCAAACA,0.00003,1.015,7,0.4286,35.0
TTGCGCAA,0.0000011,1.015,7,0.5000,40.8
GGAATTCC,0.0000085,1.015,7,0.5000,33.0
GGAATTCC,0.0000188,1.000,7,0.5000,37.1
GGAATTCC,0.0000188,0.400,7,0.5000,33.2
GGAATTCC,0.00017,1.015,7,0.5000,43.5
GGAATTCC,0.003,0.267,7,0.5000,50.0
GCCAGTTAA,0.000008,1.015,7,0.4444,38.0
GCCAGTTAA,0.000008,0.415,7,0.4444,36.1
GGATGGGAG,0.0000052,1.010,7,0.6667,43.6
AAAAAAAAAA,0.0000064,1.010,7,0.0000,32.0
AAAAAAAGTT,0.0000035,1.000,7,0.1000,32.4
TGAAAAAAAA,0.000008,1.000,7,0.1000,32.9
CATATATATG,0.0000179,1.000,7,0.2000,32.5
GTAGTAGTAG,0.0000036,1.000,7,0.4000,36.9
TTAATAGGGG,0.0000072,1.000,7,0.4000,40.0
GTAGATCACT,0.0000072,0.515,7,0.4000,43.0
GTAGATCACT,0.00001,0.515,7,0.4000,43.7
ATTATGGGGC,0.0000054,1.000,7,0.5000,44.7
ACAGTGACAC,0.0000089,1.000,7,0.5000,50.5
GACGTGTGAC,0.0000356,1.000,7,0.6000,55.7
ATATAGCTATAT,0.0000017,1.000,7,0.1667,37.1
CAAAGATTCCTC,0.000005,0.210,7,0.4167,44.8
CAAAGATTCCTC,0.000005,0.210,7,0.4167,44.8
CTTTCTCTCCCT,0.000005,1.015,7,0.5000,53.3
CGCGAATTCGCG,0.0000181,1.001,7,0.6667,66.4
CGCGAATTCGCG,0.0000181,1.001,7,0.6667,66.4
CCGGCCGCGCGC,0.000005,1.015,7,1.0000,76.8
TAATTAATTAATTA,0.0000007,1.020,7,0.0000,38.3
TAATTAATTAATTA,0.000005,0.800,7,0.0000,42.0
AAATATAGCTATATTT,0.0000012,1.000,7,0.1250,48.7
ATATATAGCTATATAT,0.0000012,1.000,7,0.1250,45.5
AAAAAAAGCTTTTTTT,0.0000015,1.000,7,0.1250,53.3
AACGTGAATTCTGGCA,0.0000069,1.000,7,0.4375,67.9
CGCGCGCGACTGACTG,0.0000055,0.115,7,0.7500,69.4
AATATATGAATTCTAATTAA,0.0000009,1.000,7,0.1000,53.4
ATATATATAGCTATATATAT,0.0000011,1.000,7,0.1000,53.0
AAAAAAAAAGCTTTTTTTTT,0.0000016,1.000,7,0.1000,58.8
AAATAAATAGCTATTTATTT,0.0000025,1.000,7,0.1000,58.4
AACGCGTGAATTCTGGCCAA,0.0000051,1.000,7,0.5000,75.3
GCTAAAAAGAGAGAGAGATCG,0.0000032,1.015,7,0.4286,69.0
AATATATATAGAGTAATTATAA,0.0000009,1.000,7,0.0909,54.8
AAATATAAGAATTCTTATATTT,0.0000009,1.000,7,0.0909,56.9
ATATATATGAATTCATATATAT,0.0000012,1.000,7,0.0909,56.4
ATAAAAATGAATTCATTTTTAT,0.0000018,1.000,7,0.0909,61.3
AAAAAAAAGAATTCTTTTTTTT,0.000002,1.000,7,0.0909,61.3
AATATATATAGAGTGGCCGCAA,0.000001,1.000,7,0.3636,70.0
AATATATATAGAGTGCGCGCAA,0.0000011,1.000,7,0.3636,69.2
AACGCGCGTAGAGTAATTATAA,0.0000012,1.000,7,0.3636,67.1
AACGCCGGTAGAGTGCGCGCAA,0.0000011,1.000,7,0.6364,81.8
AACGCGCGTAGAGTGGCCGCAA,0.0000016,1.000,7,0.6364,82.6
AACGCGCGTGAATTCTGGCCGCAA,0.0000023,1.000,7,0.5833,81.7
AAAAAAAAAAAAAAAAAAAAAAAAAA,0.000002,0.810,7,0.0000,62.0
AAAAAAAAAAAAAAAAAAAAAAAAAA,0.000002,0.410,7,0.0000,58.0
CAGCAGCAGCAGCAGCAGCAGCAGCAGCAG,0.0000033,0.167,7,0.6667,83.0
GACGACGACGACGACGACGACGACGACGAC,0.0000033,0.167,7,0.6667,83.0
ACCGCA,0.000008,0.415,7,0.6667,26.2
ACCGCA,0.000008,0.165,7,0.6667,24.7
GCATGC,0.0001,0.042,7,0.6667,29.2
GCATGC,0.0001,0.150,7,0.6667,35.5
CCAAACA,0.00003,0.115,7,0.4286,21.0
TTGCGCAA,0.0000011,0.165,7,0.5000,35.4
GGAATTCC,0.0000085,0.115,7,0.5000,24.5
GGAATTCC,0.0000188,0.200,7,0.5000,30.0
GGAATTCC,0.0000188,0.200,7,0.5000,24.5
GGAATTCC,0.00017,0.115,7,0.5000,34.5
GGAATTCC,0.003,0.092,7,0.5000,42.0
GCCAGTTAA,0.000008,0.265,7,0.4444,34.2
GCCAGTTAA,0.000008,0.115,7,0.4444,30.0
GGATGGGAG,0.0000052,0.155,7,0.6667,39.2
AAAAAAAAAA,0.0000064,0.160,7,0.0000,24.0
AAAAAAAGTT,0.0000035,0.115,7,0.1000,22.4
TGAAAAAAAA,0.000008,0.115,7,0.1000,21.3
CATATATATG,0.0000179,0.115,7,0.2000,24.8
GTAGTAGTAG,0.0000036,0.115,7,0.4000,29.6
TTAATAGGGG,0.0000072,0.115,7,0.4000,30.9
GTAGATCACT,0.0000072,0.065,7,0.4000,31.0
GTAGATCACT,0.00001,0.115,7,0.4000,36.3
ATTATGGGGC,0.0000054,0.115,7,0.5000,37.5
ACAGTGACAC,0.0000089,0.115,7,0.5000,43.8
GACGTGTGAC,0.0000356,0.115,7,0.6000,48.8
ATATAGCTATAT,0.0000017,0.115,7,0.1667,27.3
CAAAGATTCCTC,0.000005,0.098,7,0.4167,40.3
CAAAGATTCCTC,0.000005,0.021,7,0.4167,29.3
CTTTCTCTCCCT,0.000005,0.065,7,0.5000,39.4
CGCGAATTCGCG,0.0000181,0.101,7,0.6667,56.1
CGCGAATTCGCG,0.0000181,0.011,7,0.6667,37.5
CCGGCCGCGCGC,0.000005,0.115,7,1.0000,72.3
TAATTAATTAATTA,0.0000007,0.220,7,0.0000,29.8
TAATTAATTAATTA,0.000005,0.400,7,0.0000,38.6
AAATATAGCTATATTT,0.0000012,0.115,7,0.1250,36.7
ATATATAGCTATATAT,0.0000012,0.115,7,0.1250,35.5
AAAAAAAGCTTTTTTT,0.0000015,0.115,7,0.1250,41.0
AACGTGAATTCTGGCA,0.0000069,0.115,7,0.4375,58.4
CGCGCGCGACTGACTG,0.0000055,0.015,7,0.7500,56.1
AATATATGAATTCTAATTAA,0.0000009,0.115,7,0.1000,41.0
ATATATATAGCTATATATAT,0.0000011,0.115,7,0.1000,42.4
AAAAAAAAAGCTTTTTTTTT,0.0000016,0.115,7,0.1000,49.2
AAATAAATAGCTATTTATTT,0.0000025,0.115,7,0.1000,44.8
AACGCGTGAATTCTGGCCAA,0.0000051,0.115,7,0.5000,66.4
GCTAAAAAGAGAGAGAGATCG,0.0000032,0.215,7,0.4286,61.0
AATATATATAGAGTAATTATAA,0.0000009,0.115,7,0.0909,42.6
AAATATAAGAATTCTTATATTT,0.0000009,0.115,7,0.0909,46.3
ATATATATGAATTCATATATAT,0.0000012,0.115,7,0.0909,48.2
ATAAAAATGAATTCATTTTTAT,0.0000018,0.115,7,0.0909,51.2
AAAAAAAAGAATTCTTTTTTTT,0.000002,0.115,7,0.0909,49.6
AATATATATAGAGTGGCCGCAA,0.000001,0.115,7,0.3636,63.2
AATATATATAGAGTGCGCGCAA,0.0000011,0.115,7,0.3636,62.9
AACGCGCGTAGAGTAATTATAA,0.0000012,0.115,7,0.3636,62.9
AACGCCGGTAGAGTGCGCGCAA,0.0000011,0.115,7,0.6364,77.4
AACGCGCGTAGAGTGGCCGCAA,0.0000016,0.115,7,0.6364,75.5
AACGCGCGTGAATTCTGGCCGCAA,0.0000023,0.115,7,0.5833,74.6
AAAAAAAAAAAAAAAAAAAAAAAAAA,0.000002,0.210,7,0.0000,53.0
AAAAAAAAAAAAAAAAAAAAAAAAAA,0.000002,0.110,7,0.0000,48.0
CAGCAGCAGCAGCAGCAGCAGCAGCAGCAG,0.0000033,0.019,7,0.6667,67.0
GACGACGACGACGACGACGACGACGACGAC,0.0000033,0.019,7,0.6667,66.0
